CountryName,CapitalName,CapitalLatitude,CapitalLongitude,CountryCode,ContinentName,Level
Somaliland,Hargeisa,9.55,44.05,NULL,Africa,2
South Georgia and South Sandwich Islands,King Edward Point,-54.283333,-36.5,GS,Antarctica,3
French Southern and Antarctic Lands,Port-aux-Français,-49.35,70.216667,TF,Antarctica,3
Palestine,Jerusalem,31.76666667,35.233333,PS,Asia,1
Aland Islands,Mariehamn,60.116667,19.9,AX,Europe,3
Nauru,Yaren,-0.5477,166.920867,NR,Australia,3
Saint Martin,Marigot,18.0731,-63.0822,MF,North America,3
Tokelau,Atafu,-9.166667,-171.833333,TK,Australia,3
Western Sahara,El-Aaiún,27.153611,-13.203333,EH,Africa,2
Afghanistan,Kabul,34.51666667,69.183333,AF,Asia,1
Albania,Tirana,41.31666667,19.816667,AL,Europe,1
Algeria,Algiers,36.75,3.05,DZ,Africa,2
American Samoa,Pago Pago,-14.26666667,-170.7,AS,Australia,2
Andorra,Andorra la Vella,42.5,1.516667,AD,Europe,1
Angola,Luanda,-8.833333333,13.216667,AO,Africa,2
Anguilla,The Valley,18.21666667,-63.05,AI,North America,2
Antigua and Barbuda,Saint John's,17.11666667,-61.85,AG,North America,2
Argentina,Buenos Aires,-34.58333333,-58.666667,AR,South America,1
Armenia,Yerevan,40.16666667,44.5,AM,Europe,2
Aruba,Oranjestad,12.51666667,-70.033333,AW,North America,1
Australia,Canberra,-35.26666667,149.133333,AU,Australia,1
Austria,Vienna,48.2,16.366667,AT,Europe,1
Azerbaijan,Baku,40.38333333,49.866667,AZ,Europe,1
Bahamas,Nassau,25.08333333,-77.35,BS,North America,1
Bahrain,Manama,26.23333333,50.566667,BH,Asia,2
Bangladesh,Dhaka,23.71666667,90.4,BD,Asia,2
Barbados,Bridgetown,13.1,-59.616667,BB,North America,2
Belarus,Minsk,53.9,27.566667,BY,Europe,1
Belgium,Brussels,50.83333333,4.333333,BE,Europe,1
Belize,Belmopan,17.25,-88.766667,BZ,Central America,2
Benin,Porto-Novo,6.483333333,2.616667,BJ,Africa,2
Bermuda,Hamilton,32.28333333,-64.783333,BM,North America,1
Bhutan,Thimphu,27.46666667,89.633333,BT,Asia,3
Bolivia,La Paz,-16.5,-68.15,BO,South America,1
Bosnia and Herzegovina,Sarajevo,43.86666667,18.416667,BA,Europe,1
Botswana,Gaborone,-24.63333333,25.9,BW,Africa,2
Brazil,Brasilia,-15.78333333,-47.916667,BR,South America,1
British Virgin Islands,Road Town,18.41666667,-64.616667,VG,North America,2
Brunei Darussalam,Bandar Seri Begawan,4.883333333,114.933333,BN,Asia,3
Bulgaria,Sofia,42.68333333,23.316667,BG,Europe,1
Burkina Faso,Ouagadougou,12.36666667,-1.516667,BF,Africa,2
Myanmar,Rangoon,16.8,96.15,MM,Asia,2
Burundi,Bujumbura,-3.366666667,29.35,BI,Africa,2
Cambodia,Phnom Penh,11.55,104.916667,KH,Asia,2
Cameroon,Yaounde,3.866666667,11.516667,CM,Africa,2
Canada,Ottawa,45.41666667,-75.7,CA,Central America,1
Cape Verde,Praia,14.91666667,-23.516667,CV,Africa,2
Cayman Islands,George Town,19.3,-81.383333,KY,North America,3
Central African Republic,Bangui,4.366666667,18.583333,CF,Africa,3
Chad,N'Djamena,12.1,15.033333,TD,Africa,3
Chile,Santiago,-33.45,-70.666667,CL,South America,1
China,Beijing,39.91666667,116.383333,CN,Asia,1
Christmas Island,The Settlement,-10.41666667,105.716667,CX,Australia,3
Cocos Islands,West Island,-12.16666667,96.833333,CC,Australia,2
Colombia,Bogota,4.6,-74.083333,CO,South America,1
Comoros,Moroni,-11.7,43.233333,KM,Africa,3
Democratic Republic of the Congo,Kinshasa,-4.316666667,15.3,CD,Africa,3
Republic of Congo,Brazzaville,-4.25,15.283333,CG,Africa,2
Cook Islands,Avarua,-21.2,-159.766667,CK,Australia,3
Costa Rica,San Jose,9.933333333,-84.083333,CR,Central America,2
Cote d'Ivoire,Yamoussoukro,6.816666667,-5.266667,CI,Africa,2
Croatia,Zagreb,45.8,16,HR,Europe,1
Cuba,Havana,23.11666667,-82.35,CU,North America,1
Curaçao,Willemstad,12.1,-68.916667,CW,North America,2
Cyprus,Nicosia,35.16666667,33.366667,CY,Europe,1
Czech Republic,Prague,50.08333333,14.466667,CZ,Europe,1
Denmark,Copenhagen,55.66666667,12.583333,DK,Europe,1
Djibouti,Djibouti,11.58333333,43.15,DJ,Africa,3
Dominica,Roseau,15.3,-61.4,DM,North America,3
Dominican Republic,Santo Domingo,18.46666667,-69.9,DO,North America,1
Ecuador,Quito,-0.216666667,-78.5,EC,South America,1
Egypt,Cairo,30.05,31.25,EG,Africa,1
El Salvador,San Salvador,13.7,-89.2,SV,Central America,1
Equatorial Guinea,Malabo,3.75,8.783333,GQ,Africa,2
Eritrea,Asmara,15.33333333,38.933333,ER,Africa,2
Estonia,Tallinn,59.43333333,24.716667,EE,Europe,1
Ethiopia,Addis Ababa,9.033333333,38.7,ET,Africa,2
Falkland Islands,Stanley,-51.7,-57.85,FK,South America,2
Faroe Islands,Torshavn,62,-6.766667,FO,Europe,2
Fiji,Suva,-18.13333333,178.416667,FJ,Australia,2
Finland,Helsinki,60.16666667,24.933333,FI,Europe,1
France,Paris,48.86666667,2.333333,FR,Europe,1
French Polynesia,Papeete,-17.53333333,-149.566667,PF,Australia,2
Gabon,Libreville,0.383333333,9.45,GA,Africa,2
The Gambia,Banjul,13.45,-16.566667,GM,Africa,2
Georgia,Tbilisi,41.68333333,44.833333,GE,Europe,1
Germany,Berlin,52.51666667,13.4,DE,Europe,1
Ghana,Accra,5.55,-0.216667,GH,Africa,2
Gibraltar,Gibraltar,36.13333333,-5.35,GI,Europe,1
Greece,Athens,37.98333333,23.733333,GR,Europe,1
Greenland,Nuuk,64.18333333,-51.75,GL,Central America,2
Grenada,Saint George's,12.05,-61.75,GD,North America,2
Guam,Hagatna,13.46666667,144.733333,GU,Australia,3
Guatemala,Guatemala City,14.61666667,-90.516667,GT,Central America,1
Guernsey,Saint Peter Port,49.45,-2.533333,GG,Europe,3
Guinea,Conakry,9.5,-13.7,GN,Africa,2
Guinea-Bissau,Bissau,11.85,-15.583333,GW,Africa,2
Guyana,Georgetown,6.8,-58.15,GY,South America,2
Haiti,Port-au-Prince,18.53333333,-72.333333,HT,North America,1
Vatican City,Vatican City,41.9,12.45,VA,Europe,1
Honduras,Tegucigalpa,14.1,-87.216667,HN,Central America,2
Hungary,Budapest,47.5,19.083333,HU,Europe,1
Iceland,Reykjavik,64.15,-21.95,IS,Europe,1
India,New Delhi,28.6,77.2,IN,Asia,1
Indonesia,Jakarta,-6.166666667,106.816667,ID,Asia,1
Iran,Tehran,35.7,51.416667,IR,Asia,1
Iraq,Baghdad,33.33333333,44.4,IQ,Asia,1
Ireland,Dublin,53.31666667,-6.233333,IE,Europe,1
Isle of Man,Douglas,54.15,-4.483333,IM,Europe,2
Israel,Jerusalem,31.76666667,35.233333,IL,Asia,1
Italy,Rome,41.9,12.483333,IT,Europe,1
Jamaica,Kingston,18,-76.8,JM,North America,2
Japan,Tokyo,35.68333333,139.75,JP,Asia,1
Jersey,Saint Helier,49.18333333,-2.1,JE,Europe,2
Jordan,Amman,31.95,35.933333,JO,Asia,2
Kazakhstan,Astana,51.16666667,71.416667,KZ,Asia,2
Kenya,Nairobi,-1.283333333,36.816667,KE,Africa,1
Kiribati,Tarawa,-0.883333333,169.533333,KI,Australia,3
North Korea,Pyongyang,39.01666667,125.75,KP,Asia,1
South Korea,Seoul,37.55,126.983333,KR,Asia,1
Kosovo,Pristina,42.66666667,21.166667,KO,Europe,2
Kuwait,Kuwait City,29.36666667,47.966667,KW,Asia,1
Kyrgyzstan,Bishkek,42.86666667,74.6,KG,Asia,3
Laos,Vientiane,17.96666667,102.6,LA,Asia,2
Latvia,Riga,56.95,24.1,LV,Europe,1
Lebanon,Beirut,33.86666667,35.5,LB,Asia,1
Lesotho,Maseru,-29.31666667,27.483333,LS,Africa,2
Liberia,Monrovia,6.3,-10.8,LR,Africa,2
Libya,Tripoli,32.88333333,13.166667,LY,Africa,1
Liechtenstein,Vaduz,47.13333333,9.516667,LI,Europe,1
Lithuania,Vilnius,54.68333333,25.316667,LT,Europe,2
Luxembourg,Luxembourg,49.6,6.116667,LU,Europe,1
Macedonia,Skopje,42,21.433333,MK,Europe,1
Madagascar,Antananarivo,-18.91666667,47.516667,MG,Africa,2
Malawi,Lilongwe,-13.96666667,33.783333,MW,Africa,3
Malaysia,Kuala Lumpur,3.166666667,101.7,MY,Asia,1
Maldives,Male,4.166666667,73.5,MV,Asia,1
Mali,Bamako,12.65,-8,ML,Africa,2
Malta,Valletta,35.88333333,14.5,MT,Europe,1
Marshall Islands,Majuro,7.1,171.383333,MH,Australia,3
Mauritania,Nouakchott,18.06666667,-15.966667,MR,Africa,2
Mauritius,Port Louis,-20.15,57.483333,MU,Africa,2
Mexico,Mexico City,19.43333333,-99.133333,MX,Central America,1
Federated States of Micronesia,Palikir,6.916666667,158.15,FM,Australia,3
Moldova,Chisinau,47,28.85,MD,Europe,2
Monaco,Monaco,43.73333333,7.416667,MC,Europe,1
Mongolia,Ulaanbaatar,47.91666667,106.916667,MN,Asia,2
Montenegro,Podgorica,42.43333333,19.266667,ME,Europe,1
Montserrat,Plymouth,16.7,-62.216667,MS,North America,3
Morocco,Rabat,34.01666667,-6.816667,MA,Africa,1
Mozambique,Maputo,-25.95,32.583333,MZ,Africa,2
Namibia,Windhoek,-22.56666667,17.083333,NA,Africa,2
Nepal,Kathmandu,27.71666667,85.316667,NP,Asia,1
Netherlands,Amsterdam,52.35,4.916667,NL,Europe,1
New Caledonia,Noumea,-22.26666667,166.45,NC,Australia,2
New Zealand,Wellington,-41.3,174.783333,NZ,Australia,1
Nicaragua,Managua,12.13333333,-86.25,NI,Central America,1
Niger,Niamey,13.51666667,2.116667,NE,Africa,2
Nigeria,Abuja,9.083333333,7.533333,NG,Africa,2
Niue,Alofi,-19.01666667,-169.916667,NU,Australia,3
Norfolk Island,Kingston,-29.05,167.966667,NF,Australia,3
Northern Mariana Islands,Saipan,15.2,145.75,MP,Australia,2
Norway,Oslo,59.91666667,10.75,NO,Europe,1
Oman,Muscat,23.61666667,58.583333,OM,Asia,2
Pakistan,Islamabad,33.68333333,73.05,PK,Asia,1
Palau,Melekeok,7.483333333,134.633333,PW,Australia,3
Panama,Panama City,8.966666667,-79.533333,PA,Central America,1
Papua New Guinea,Port Moresby,-9.45,147.183333,PG,Australia,2
Paraguay,Asuncion,-25.26666667,-57.666667,PY,South America,1
Peru,Lima,-12.05,-77.05,PE,South America,1
Philippines,Manila,14.6,120.966667,PH,Asia,1
Pitcairn Islands,Adamstown,-25.06666667,-130.083333,PN,Australia,3
Poland,Warsaw,52.25,21,PL,Europe,1
Portugal,Lisbon,38.71666667,-9.133333,PT,Europe,1
Puerto Rico,San Juan,18.46666667,-66.116667,PR,North America,1
Qatar,Doha,25.28333333,51.533333,QA,Asia,1
Romania,Bucharest,44.43333333,26.1,RO,Europe,1
Russia,Moscow,55.75,37.6,RU,Europe,1
Rwanda,Kigali,-1.95,30.05,RW,Africa,2
Saint Barthelemy,Gustavia,17.88333333,-62.85,BL,North America,3
Saint Helena,Jamestown,-15.93333333,-5.716667,SH,Africa,3
Saint Kitts and Nevis,Basseterre,17.3,-62.716667,KN,North America,3
Saint Lucia,Castries,14,-61,LC,North America,3
Saint Pierre and Miquelon,Saint-Pierre,46.76666667,-56.183333,PM,Central America,2
Saint Vincent and the Grenadines,Kingstown,13.13333333,-61.216667,VC,Central America,3
Samoa,Apia,-13.81666667,-171.766667,WS,Australia,2
San Marino,San Marino,43.93333333,12.416667,SM,Europe,1
Sao Tome and Principe,Sao Tome,0.333333333,6.733333,ST,Africa,1
Saudi Arabia,Riyadh,24.65,46.7,SA,Asia,2
Senegal,Dakar,14.73333333,-17.633333,SN,Africa,1
Serbia,Belgrade,44.83333333,20.5,RS,Europe,1
Seychelles,Victoria,-4.616666667,55.45,SC,Africa,2
Sierra Leone,Freetown,8.483333333,-13.233333,SL,Africa,2
Singapore,Singapore,1.283333333,103.85,SG,Asia,1
Sint Maarten,Philipsburg,18.01666667,-63.033333,SX,North America,2
Slovakia,Bratislava,48.15,17.116667,SK,Europe,1
Slovenia,Ljubljana,46.05,14.516667,SI,Europe,1
Solomon Islands,Honiara,-9.433333333,159.95,SB,Australia,2
Somalia,Mogadishu,2.066666667,45.333333,SO,Africa,1
South Africa,Pretoria,-25.7,28.216667,ZA,Africa,1
South Sudan,Juba,4.85,31.616667,SS,Africa,2
Spain,Madrid,40.4,-3.683333,ES,Europe,1
Sri Lanka,Colombo,6.916666667,79.833333,LK,Asia,2
Sudan,Khartoum,15.6,32.533333,SD,Africa,2
Suriname,Paramaribo,5.833333333,-55.166667,SR,South America,1
Svalbard,Longyearbyen,78.21666667,15.633333,SJ,Europe,3
Swaziland,Mbabane,-26.31666667,31.133333,SZ,Africa,3
Sweden,Stockholm,59.33333333,18.05,SE,Europe,1
Switzerland,Bern,46.91666667,7.466667,CH,Europe,1
Syria,Damascus,33.5,36.3,SY,Asia,1
Taiwan,Taipei,25.03333333,121.516667,TW,Asia,1
Tajikistan,Dushanbe,38.55,68.766667,TJ,Asia,3
Tanzania,Dar es Salaam,-6.8,39.283333,TZ,Africa,2
Thailand,Bangkok,13.75,100.516667,TH,Asia,1
Timor-Leste,Dili,-8.583333333,125.6,TL,Asia,3
Togo,Lome,6.116666667,1.216667,TG,Africa,2
Tonga,Nuku'alofa,-21.13333333,-175.2,TO,Australia,2
Trinidad and Tobago,Port of Spain,10.65,-61.516667,TT,North America,2
Tunisia,Tunis,36.8,10.183333,TN,Africa,1
Turkey,Ankara,39.93333333,32.866667,TR,Europe,1
Turkmenistan,Ashgabat,37.95,58.383333,TM,Asia,2
Turks and Caicos Islands,Grand Turk,21.46666667,-71.133333,TC,North America,1
Tuvalu,Funafuti,-8.516666667,179.216667,TV,Australia,2
Uganda,Kampala,0.316666667,32.55,UG,Africa,1
Ukraine,Kyiv,50.43333333,30.516667,UA,Europe,1
United Arab Emirates,Abu Dhabi,24.46666667,54.366667,AE,Asia,1
United Kingdom,London,51.5,-0.083333,GB,Europe,1
United States,Washington,38.883333,-77,US,Central America,1
Uruguay,Montevideo,-34.85,-56.166667,UY,South America,1
Uzbekistan,Tashkent,41.31666667,69.25,UZ,Asia,1
Vanuatu,Port-Vila,-17.73333333,168.316667,VU,Australia,2
Venezuela,Caracas,10.48333333,-66.866667,VE,South America,1
Vietnam,Hanoi,21.03333333,105.85,VN,Asia,1
US Virgin Islands,Charlotte Amalie,18.35,-64.933333,VI,North America,2
Wallis and Futuna,Mata-Utu,-13.95,-171.933333,WF,Australia,3
Yemen,Sanaa,15.35,44.2,YE,Asia,1
Zambia,Lusaka,-15.41666667,28.283333,ZM,Africa,2
Zimbabwe,Harare,-17.81666667,31.033333,ZW,Africa,2
US Minor Outlying Islands,Washington,38.883333,-77,UM,Australia,3
Northern Cyprus,North Nicosia,35.183333,33.366667,NULL,Europe,1
Hong Kong,Hong Kong,0,0,HK,Asia,1
British Indian Ocean Territory,Diego Garcia,-7.3,72.4,IO,Africa,3
